None,Problem-Solution,Call-to-action,Participation,Intention,id,predictions
0.15344688,0.19573626,0.022403754,0.17120095,0.06972572,cu39y0l,Problem-Solution
0.1570793,0.17007577,0.14656939,0.14142674,0.14512692,f8wio5b,Problem-Solution
0.28889084,0.31732357,0.31439817,0.23583138,0.20072159,jlgc2q5,Problem-Solution
0.30687866,0.3120156,0.15593934,0.12269521,0.16891754,e55zstr,Problem-Solution
0.26679417,0.23718327,0.36007676,0.2858887,0.10021208,hxp0bqe,Call-to-action
0.1915462,0.30161178,0.16643414,0.119255245,0.12835096,hivcwsq,Problem-Solution
0.18129605,0.13146286,0.1338177,0.17152637,0.23419717,jryh4zb,Intention
0.17907196,0.22552732,0.08265498,0.14462772,0.10098513,dxls224,Problem-Solution
0.2089046,0.24165508,0.07219752,0.13711748,0.11834975,fmamho7,Problem-Solution
0.06044368,0.032872967,0.18500128,0.2276876,0.30458558,j4drqmm,Intention
0.19837,0.13996172,-0.02542273,0.099800706,0.05095063,gxo4a35,None
0.3295999,0.3248197,0.15245095,0.08433065,0.22548538,c8oosuu,None
0.2587694,0.28359234,0.1622748,0.12611109,0.130414,ioaa401,Problem-Solution
0.15956247,0.23651777,0.18286335,0.12615274,0.10014962,d46hak0,Problem-Solution
0.40370274,0.38719404,0.12496706,0.24193326,0.16288027,jrkhyfn,None
0.40947905,0.47128478,0.2604979,0.27950653,0.293851,d6tbte4,Problem-Solution
0.3186709,0.37374908,0.14952281,0.09165237,0.12522769,duuv0l5,Problem-Solution
0.12735957,0.07639915,0.1428366,0.108155236,0.22355239,gh745jf,Intention
0.31527025,0.2733358,0.27561426,0.23590961,0.22613828,id2nz0d,None
0.26974815,0.22459866,0.18514629,0.1945206,0.2037857,gr1o766,None
0.18711945,0.16773158,-0.021642745,0.060048774,0.11770098,gac1br8,None
0.39020777,0.38662922,0.25070426,0.21292171,0.2568522,g52sgzf,None
0.23238695,0.2958452,0.14810748,0.23489816,0.2960478,ias9yn4,Intention
0.17898443,0.10145739,0.001105031,0.008798052,0.08198126,fo0zdw9,None
0.10478141,0.02218006,0.007943232,-0.008226071,0.038468674,jwkqf5t,None
0.28235328,0.28945884,0.09135604,0.009631654,0.16321932,cau0u15,Problem-Solution
0.23927028,0.20169759,0.06425,0.11814539,0.06850222,cd9y1o6,None
0.07976323,0.08463162,0.044387966,0.047145262,0.08406674,cvrb67a,Problem-Solution
0.5106833,0.55227035,0.44022816,0.33530393,0.46232846,gxa7s21,Problem-Solution
0.46490467,0.47662526,0.26920575,0.25016275,0.28570616,cnn5cbz,Problem-Solution
0.41018474,0.43724543,0.09467749,0.20462081,0.2399085,e1s1upi,Problem-Solution
0.24037369,0.14929214,0.02392198,0.09880352,0.05989115,hvea804,None
0.5354873,0.5382506,0.35279262,0.38659033,0.4397426,evdjxip,Problem-Solution
0.18654527,0.23461503,0.07321672,0.12232975,0.105642155,c08wc2v,Problem-Solution
0.099290654,0.09014553,0.1390297,0.06641174,0.063984655,iir3r6b,Call-to-action
0.18823564,0.21713775,-0.039010685,0.06662513,0.066715226,d8vujjk,Problem-Solution
0.43367285,0.41556793,0.34221214,0.27323502,0.37768844,cerrrt9,None
0.10679583,0.10341452,0.094132,0.123768084,0.17314836,dnqwtu5,Intention
0.13402867,0.13061963,-0.04982605,-0.0316318,-0.025278866,cvgubp6,None
0.17071152,0.12439224,0.14900228,0.2636162,0.30509332,il2vy9b,Intention
0.049159005,0.033622243,0.023318488,0.13192202,0.08943413,hibajnw,Participation
0.26767272,0.29451948,0.06622539,0.04086011,0.102735594,gzloji9,Problem-Solution
0.26657155,0.26068908,0.2623529,0.35243487,0.37700114,kero351,Intention
0.16072005,0.1554656,0.47467032,0.47315118,0.4231813,ia56eev,Call-to-action
0.3828476,0.41456145,0.077874854,0.22173277,0.21382298,c9loooh,Problem-Solution
0.19272318,0.18896711,0.04726356,0.0058490746,0.04977845,cd250p0,None
0.10536125,0.051047802,0.033489645,0.057471942,0.0966627,g44psga,None
0.25668594,0.27153313,0.16413501,0.269835,0.27028635,ck9r3m4,Problem-Solution
0.29361695,0.33561772,0.24188265,0.19434305,0.049435176,eibjfcx,Problem-Solution
0.45731148,0.4866735,0.34458235,0.33637446,0.28266516,dh8qaz1,Problem-Solution
0.25422707,0.29502505,0.18456116,0.16513416,0.16792679,enin9z0,Problem-Solution
0.5183181,0.5032613,0.36672914,0.44722134,0.5366756,dplgpc9,Intention
0.19469327,0.27697694,0.09514527,0.03054189,-0.03330729,c06jeba,Problem-Solution
0.2818808,0.33687925,0.24862735,0.1900651,0.2934442,cmxle2o,Problem-Solution
0.24357502,0.29914594,0.16079631,0.11818166,0.15101615,jj7j7ug,Problem-Solution
0.36614394,0.42449072,0.28924167,0.3476258,0.2904422,jut0mut,Problem-Solution
0.11031188,-0.026255278,0.33836663,0.16149622,0.10828736,dsm4dol,Call-to-action
0.17263544,0.13787097,0.1933215,0.26923308,0.2889713,htq3sih,Intention
0.059325635,0.11474744,0.14580852,0.25463212,0.2208982,k5q6kjj,Participation
0.21827182,0.22180498,0.20039707,0.2435851,0.24735966,ijy93mm,Intention
0.015785392,0.038053263,0.017511025,-0.016637262,0.00029229745,hask1ox,Problem-Solution
0.388068,0.39885303,0.10142571,0.14076623,0.22100595,f9vkgbx,Problem-Solution
0.26979336,0.27742168,0.21459682,0.08544158,0.16499902,jm88x12,Problem-Solution
0.14415815,0.12925348,0.09439322,0.10375884,0.11896946,jnrb84y,None
0.085838154,0.032012433,0.007115012,0.026106983,0.07713799,gas3prs,None
0.16899057,0.1244439,-0.0036921836,0.032717094,0.010611824,cylxmsx,None
0.23821962,0.2927821,0.038322233,0.098022655,0.07795573,fw34d7j,Problem-Solution
-0.009958252,-0.01427133,-0.017912652,-0.09278964,-0.046451706,kd3govy,None
0.25513482,0.2683133,0.12404534,0.23994452,0.09542263,d78ih56,Problem-Solution
0.21922755,0.25548208,0.16501182,0.11337511,0.17949915,cn17sss,Problem-Solution
0.16963004,0.19521059,0.52568066,0.4822451,0.37936378,duap8gu,Call-to-action
0.3750303,0.42565948,0.097361326,0.18777663,0.13974336,dnyks5v,Problem-Solution
0.33079684,0.347161,0.25975478,0.16359529,0.19994144,ke0gyh2,Problem-Solution
0.21460107,0.31175,0.24539152,0.38310862,0.39034113,ip9fjnr,Intention
0.04793516,0.013938107,0.00324508,-0.027070306,0.078564614,ke0raya,Intention
0.37010258,0.23799574,0.12653422,0.14102109,0.1886535,hu31bh4,None
0.13295957,0.1626595,-0.022552703,0.0413429,0.041993424,cobddkz,Problem-Solution
0.15521736,0.18079196,0.17893828,0.16417041,0.13245122,cefphor,Problem-Solution
0.26340318,0.27916676,0.19940898,0.12529309,0.18312223,cimjcca,Problem-Solution
0.04889007,0.1433211,0.013393359,0.13323699,0.1278314,chjafqi,Problem-Solution
0.394311,0.397956,0.49806508,0.5888638,0.64975524,dsopgku,Intention
0.3164725,0.27444077,0.24423473,0.22309726,0.28989655,fq8vzpr,None
0.079005435,0.07662989,0.061888866,0.09242311,0.1298644,i4vgdyz,Intention
0.3560381,0.39901024,0.27040508,0.35031313,0.3400417,eaqkvei,Problem-Solution
0.0666191,0.09261052,-0.065488264,0.0011705495,-0.044459715,jrl2kv3,Problem-Solution
0.24947979,0.30303094,0.1698955,0.25348863,0.18656065,ctqriql,Problem-Solution
0.09062573,0.1633307,-0.10000397,-0.09506815,-0.08061362,ezw44it,Problem-Solution
0.43706763,0.36873692,0.20904052,0.19742712,0.16476047,iff57sx,None
0.23354408,0.24141514,0.23086569,0.21806689,0.2546693,fhz6g2a,Intention
0.37520742,0.39097345,0.33241197,0.3289986,0.31394872,h54n337,Problem-Solution
0.2873354,0.3988474,0.17601162,0.13341278,0.21504271,hmnqtv6,Problem-Solution
0.3472817,0.3745885,0.22241165,0.26279548,0.397947,h3xl3wl,Intention
0.2682633,0.3752942,0.14751424,0.12147363,0.112330094,e6bnjy0,Problem-Solution
0.3226484,0.2580063,0.10923053,0.16797422,0.11458545,ite6nq6,None
0.31559178,0.39549533,0.06729498,0.13026921,0.12531756,epokl3q,Problem-Solution
0.3396392,0.4029943,0.29085177,0.12698299,0.2295163,ixzqfxn,Problem-Solution
0.36852235,0.38405496,0.18268664,0.10999709,0.20900294,jmmsqfh,Problem-Solution
0.012460895,0.020997006,0.006889425,-0.008209914,-0.0070189834,hvcwh6w,Problem-Solution
0.14947844,0.12790841,0.05673998,0.14869443,0.07783842,jq52ecz,None
0.18444547,0.17336145,0.15310925,0.16971792,0.1556002,fsdnmyz,None
0.38051075,0.3519448,0.25969207,0.41155863,0.24703684,dldda90,Participation
0.38338703,0.4439937,0.20782973,0.17083734,0.24919456,edp1hcd,Problem-Solution
0.44082412,0.42995456,0.3532018,0.26938194,0.2876263,dtteo77,None
0.3274614,0.3725099,0.1557114,0.110835396,0.18733081,g4y7juq,Problem-Solution
0.12921421,0.1583275,0.09952645,0.07134736,0.017933872,ijfofpl,Problem-Solution
0.3485895,0.3903087,0.1502883,0.20218503,0.26471058,k417w4y,Problem-Solution
0.15967669,0.18151204,-0.015288793,-0.025818383,0.06571148,gcddx9d,Problem-Solution
0.38242212,0.30195373,0.23857553,0.28208786,0.24017562,fyo5woj,None
0.16295737,0.13725124,0.07811279,0.058374714,0.109091565,kaf0e5b,None
0.46512616,0.5203099,0.30728287,0.34006724,0.25420517,engat3k,Problem-Solution
0.39068067,0.41629753,0.23762524,0.22225201,0.22702673,hitwjvr,Problem-Solution
0.40247726,0.4777484,0.22548786,0.20183057,0.18480375,cvd3c39,Problem-Solution
0.1722689,0.15740652,0.08631788,0.13513821,0.12035577,h17u249,None
0.31477576,0.37686408,0.28308284,0.22046277,0.26019424,g23lbj3,Problem-Solution
0.32593367,0.30218464,0.15072612,0.29382783,0.33697262,cg257jd,Intention
0.020189773,0.0011079833,0.0933008,0.16771245,0.14882776,dexjh2s,Participation
0.310611,0.29291958,0.2280955,0.1919023,0.081970476,fxjm3ym,None
0.20463331,0.2505836,0.10412369,0.27236813,0.1352311,dvcpeho,Participation
0.27903232,0.27821037,0.2533995,0.2662307,0.2366216,j2y7wjs,None
0.078322165,0.060297392,-0.076106176,-0.0053692777,-0.022665031,h0cft9q,None
0.1529656,0.17396837,0.10937829,0.10769874,0.12947021,k8amf61,Problem-Solution
0.038557068,0.021421837,-0.022898447,-0.005750615,0.031219345,fha4j62,None
0.3313272,0.28087288,0.076150164,0.07574879,0.099984676,gmzh87m,None
0.4482842,0.52415293,0.24614154,0.21509287,0.31837502,keivvf6,Problem-Solution
0.15708545,0.19683349,0.16491416,0.17172447,0.118785225,ikix9kg,Problem-Solution
0.37199208,0.43388897,0.3740623,0.27941656,0.30656812,ghcf6w7,Problem-Solution
0.2983842,0.3931245,0.14527863,0.17593928,0.14382634,jms86oj,Problem-Solution
0.2719404,0.34323764,0.38021165,0.3152451,0.25120264,d9zrqzj,Call-to-action
-0.028468179,0.02189389,0.047527634,0.18938704,0.18398046,i8ykolu,Participation
0.26007092,0.2734053,0.19791467,0.2249184,0.13364922,j886h1u,Problem-Solution
0.28297228,0.4063915,0.08845287,0.21042506,0.20237505,cuy4o6m,Problem-Solution
0.20941648,0.23568359,0.2648906,0.23562454,0.106568046,isxcob1,Call-to-action
0.20011002,0.16849759,0.07989647,0.18520454,0.2082593,co16tx4,Intention
0.27704474,0.36820847,0.1464492,0.08682729,0.11914213,ioswyh3,Problem-Solution
0.116768345,0.14024265,0.047040977,0.14302841,0.102058366,hrj4hhw,Participation
0.21640241,0.19098556,0.30474052,0.28018343,0.21107583,gz4201s,Call-to-action
0.3996585,0.35973632,0.4088524,0.43240827,0.5305282,k3quuie,Intention
0.44357657,0.48648983,0.2866311,0.17806335,0.1253419,cajcxcc,Problem-Solution
0.22231913,0.21615931,0.1901932,0.22691059,0.25151893,cdourcf,Intention
0.3669153,0.38231072,0.19096208,0.123154275,0.20345944,dgnsvz8,Problem-Solution
0.31735563,0.42924297,0.47687724,0.4099075,0.3707686,cv34z2o,Call-to-action
0.44083124,0.5181339,0.3848086,0.3602144,0.32096612,fikipl4,Problem-Solution
0.42217416,0.523359,0.5280875,0.49024427,0.48218632,c6v0tl4,Call-to-action
0.09612599,0.041442372,-0.0076309294,-0.039106317,-0.017267987,jd63oy2,None
0.18018335,0.19364163,0.09856139,0.14353862,0.123450026,incfuav,Problem-Solution
0.40893406,0.38466233,0.52819073,0.49892455,0.63346475,j46u9wa,Intention
0.3915105,0.4511431,0.21184939,0.14678164,0.24003719,i02cst8,Problem-Solution
-0.13077074,-0.027165607,-0.023923151,-0.014882001,-0.00016855076,k11hgac,Intention
0.20498389,0.2397495,-0.0028982516,0.0017660577,0.016614165,cs9tazm,Problem-Solution
0.33192396,0.45584106,0.32512784,0.23574127,0.17652738,h0sqk13,Problem-Solution
0.46213555,0.50749826,0.1516571,0.157195,0.20520307,hstxovv,Problem-Solution
0.45199695,0.5152633,0.36522397,0.32001755,0.38456726,gkwwqp3,Problem-Solution
0.3380155,0.39932093,0.31033897,0.17237186,0.19048822,i87ztk7,Problem-Solution
0.45208418,0.53828776,0.34842056,0.32961196,0.33331507,iaw0brg,Problem-Solution
-0.009413189,0.046234854,-0.015416872,0.059670314,0.060973864,jbl257c,Intention
0.12344754,0.021419741,0.15022019,0.18554035,0.20338055,ju59uxr,Intention
0.19237208,0.22214358,0.092420004,0.052454993,0.17051852,elax204,Problem-Solution
0.1523974,0.12804078,0.04120122,0.0987398,0.07898647,dfd12xp,None
0.34778163,0.4199951,0.18383756,0.27491647,0.2718014,cd0g3d6,Problem-Solution
0.3336425,0.375668,0.30457357,0.1817436,0.18338767,jlft1wy,Problem-Solution
0.36591488,0.37775594,0.22374079,0.19271344,0.17828384,hvm87is,Problem-Solution
0.48716748,0.5543438,0.28676903,0.21065927,0.26854706,ifh5qds,Problem-Solution
0.14036947,0.1020215,0.09315179,0.025155539,0.09502484,homc8ly,None
0.14739329,0.10618189,0.28499496,0.19411935,0.12754835,jknw2mt,Call-to-action
0.27567542,0.20760652,0.22468467,0.24252898,0.17091772,c88iv9k,None
0.17737424,0.2120777,0.03758995,0.016751325,0.027683921,jspceyv,Problem-Solution
0.3631551,0.35601565,0.0755616,0.07648257,0.17308578,k8qv4zm,None
-0.033055723,0.047034632,-0.02210797,-0.081029944,-0.030057712,dgq0jf7,Problem-Solution
0.49173325,0.56025815,0.3040408,0.19275884,0.18787356,gc3aan6,Problem-Solution
0.2626538,0.3214219,0.222447,0.1346494,0.14716405,geaa3p7,Problem-Solution
0.22641362,0.2570673,0.21009809,0.21094221,0.14287783,dlfaobp,Problem-Solution
0.35220432,0.33670813,0.05487083,0.0038699107,0.086812265,fsxzn0b,None
0.33985963,0.35754225,0.07989645,0.10918684,0.2313605,fkbpoqa,Problem-Solution
0.11278034,0.069613785,0.083839305,0.2769393,0.27236408,i3fgqgl,Participation
0.23469353,0.28940988,0.17388518,0.20923467,0.24423867,chy64me,Problem-Solution
0.22547798,0.31151,0.031781428,-0.041334428,0.036490582,jtf7jlk,Problem-Solution
0.31438065,0.3153569,0.15886246,0.104147255,0.15497494,f9og2rq,Problem-Solution
0.3289641,0.2505321,0.30277097,0.27203023,0.22130832,ft6nfbq,None
0.43579364,0.47245508,0.22060448,0.18046188,0.22198401,irvdonj,Problem-Solution
0.13657016,0.19579026,0.06595793,0.05168999,0.041932892,dconuyh,Problem-Solution
0.32706052,0.3449132,0.22935687,0.28001735,0.19213106,cgid7sr,Problem-Solution
0.46162692,0.43167618,0.37048313,0.49004278,0.6096853,htihidq,Intention
0.18427041,0.20166844,0.14485697,0.17442116,-0.06573449,i39sg06,Problem-Solution
0.403431,0.40349814,0.23178385,0.22056194,0.3814358,kfn5jps,Problem-Solution
0.40740597,0.46574062,0.2797728,0.1899882,0.21402086,f3z1rdx,Problem-Solution
0.11862615,0.09640741,0.14004475,0.15410416,0.11697454,hpjnooj,Participation
0.2741066,0.26720834,0.28570285,0.27497345,0.2529085,j0mseii,Call-to-action
0.10839251,0.2537115,0.092549026,0.11866228,0.058129206,jnhtobo,Problem-Solution
0.36459082,0.3632338,0.13950065,0.21986021,0.20466718,jxgsqxl,None
0.44203424,0.43147677,0.3160324,0.3124299,0.21056895,jaygagv,None
0.43178612,0.41869208,0.3042429,0.20513387,0.22981335,hu5hvna,None
0.24171506,0.33197367,0.21284744,0.1771104,0.11909468,d6a2yck,Problem-Solution
0.44170517,0.49204776,0.37582743,0.290104,0.29704833,haomxjh,Problem-Solution
0.39924884,0.46180692,0.21724044,0.1755083,0.18094856,guxzuzv,Problem-Solution
0.28884718,0.30368704,0.17954415,0.19845438,0.23048447,jb0ctm7,Problem-Solution
0.32246566,0.36788157,0.22326961,0.33486578,0.40121445,kb2x3dg,Intention
0.10554791,0.09723283,0.07868552,0.16499701,0.074843094,gvsk9yk,Participation
0.2155005,0.11437051,0.005067697,0.025433186,0.007122103,j6jwsxw,None
0.32798287,0.30240864,0.04530181,0.12102315,0.13591912,fbgths7,None
0.3477257,0.33025914,0.08246688,0.0021418668,0.18235691,c96naq4,None
0.3095601,0.3281296,0.28942102,0.37499064,0.30574563,jip2u8j,Participation
0.31257752,0.30823088,0.1602736,0.15631768,0.22729988,ch20bfn,None
0.10606423,0.14264183,0.11131018,0.17624481,0.10655066,icd27la,Participation
0.43843064,0.5252048,0.18458323,0.21103457,0.2539767,i9saef0,Problem-Solution
0.25837815,0.30238014,0.076361895,0.11300538,0.17131293,g6a2ll3,Problem-Solution
0.03458038,0.053252622,0.05767987,-0.13461293,-0.018501356,ccio9hz,Call-to-action
0.22892165,0.25707638,0.09808569,0.21459575,0.1899847,hy3k8ds,Problem-Solution
0.4358944,0.5029186,0.35019743,0.38749743,0.3240789,d71vrhc,Problem-Solution
0.0861655,0.09009205,0.05239039,0.01678277,0.17457667,d5b3x7r,Intention
0.42387193,0.5135071,0.26116145,0.2620452,0.23340277,caa4zmz,Problem-Solution
0.45743933,0.5117769,0.27570367,0.19585238,0.29538667,hubbuxm,Problem-Solution
0.19409724,0.100667134,-0.028719056,0.013496552,0.07759312,e5x6y36,None
0.1192057,0.17787427,0.050230995,0.06337366,0.011774632,ihpqpv1,Problem-Solution
0.19441716,0.27660605,0.11930835,0.25885487,0.17255896,e8m1rxr,Problem-Solution
0.20107937,0.2348606,0.098427996,0.07152425,0.031164022,hhs7zog,Problem-Solution
0.20310505,0.19418612,-0.037471723,-0.06823145,0.01990943,icv57jy,None
0.4667009,0.44072145,0.47295788,0.4886732,0.6315674,fy9zp70,Intention
0.37574154,0.39113545,0.08733835,0.14694566,0.18669996,gosr7mv,Problem-Solution
0.29101887,0.3349852,0.14080657,0.1166588,0.15043359,jsgffix,Problem-Solution
0.2863782,0.3049314,0.18314454,0.13098273,0.2081463,jokwynq,Problem-Solution
0.2997294,0.39503533,0.24502382,0.19764788,0.151128,j566mi5,Problem-Solution
0.23562343,0.21218152,0.27254045,0.29326585,0.24515486,kdkqpuv,Participation
0.018692145,0.1245857,0.05214823,0.050606754,0.039806146,es1yp2w,Problem-Solution
0.09475322,0.15502201,0.115911916,0.036695693,0.12554798,cc4ifqn,Problem-Solution
0.31968498,0.2988401,0.19059479,0.12031652,0.12905887,ie9im4u,None
0.3579476,0.45849538,0.1963363,0.12858531,0.13753378,fwphsv1,Problem-Solution
0.28100342,0.31184027,0.47506016,0.38084972,0.30229196,e0z3f54,Call-to-action
0.18794139,0.26990646,0.022638485,0.016914364,0.07472919,jqn5rki,Problem-Solution
0.24682805,0.3152482,0.082544304,0.0640244,0.12625715,dm363ll,Problem-Solution
0.19710043,0.22116625,0.008428719,0.086328164,0.096552566,cffup3i,Problem-Solution
0.41223785,0.3817955,0.092033245,0.12389287,0.18222007,ej4uco0,None
0.48732853,0.48489562,0.53974956,0.48242497,0.46973237,iljskgr,Call-to-action
0.24512754,0.21475214,0.013309792,0.015067063,0.1131805,hb8jb5j,None
0.36505437,0.4285168,0.19274822,0.19528331,0.2160264,dolbjkp,Problem-Solution
0.27983183,0.27769285,0.28945786,0.23446406,0.112246186,haofk7q,Call-to-action
0.44730228,0.50023067,0.1967391,0.2305608,0.2646817,jj757vn,Problem-Solution
0.16759025,0.25904128,-0.010495938,-0.02030415,-0.055787355,j6d3sn1,Problem-Solution
0.3366005,0.43308643,0.15106364,0.13678029,0.19434163,hz4hftk,Problem-Solution
0.07164046,0.10784231,0.10234982,0.10021266,0.18574962,j5n212z,Intention
0.21577868,0.17661306,0.05640591,0.11566971,0.053092167,j7g5zjg,None
0.45085394,0.39669764,0.32658798,0.28759462,0.33419925,cxugcnt,None
0.25292796,0.29879314,0.20077339,0.18215314,0.15806037,hrfaaup,Problem-Solution
0.09166771,0.0799901,0.12370217,0.21150789,0.27188298,j2z3bxk,Intention
0.18752538,0.12506935,0.02339515,0.13093738,0.14634927,k4au1zx,None
0.2944879,0.32657236,0.21560858,0.109212756,0.21095192,irow0xr,Problem-Solution
0.26443863,0.19045648,0.21713433,0.30498827,0.18199676,ex4hta8,Participation
0.26271302,0.3241635,0.34943065,0.2940116,0.29711688,dlhu6n1,Call-to-action
0.27463776,0.28123415,0.07986525,0.09034088,0.17021054,j2dxyre,Problem-Solution
0.17329508,0.15333754,0.174026,0.059454508,-0.019663366,k9ea5cu,Call-to-action
0.38968086,0.45211685,0.16426349,0.14879258,0.15965208,cczecj8,Problem-Solution
0.3800606,0.40010485,0.22685477,0.34241042,0.37830392,gr0auwl,Problem-Solution
0.10029256,0.11125268,0.2233302,0.3807423,0.28267848,cfd6aej,Participation
0.26839653,0.276071,0.071677685,0.115479656,0.18232356,h6zsgoo,Problem-Solution
0.009115091,0.11005,-0.0047730766,0.07443482,0.10567129,hjvhaxh,Problem-Solution
0.31712237,0.34175706,0.35475066,0.39491886,0.28049725,gobzq98,Participation
0.4878938,0.51262736,0.2650858,0.36348474,0.4238112,cd0nlw8,Problem-Solution
0.1924272,0.21144515,0.0832811,0.22491997,0.16251493,iih903m,Participation
-0.030753847,-0.016220728,0.025201287,0.015579315,0.014166433,dkvqsmp,Call-to-action
0.27612352,0.31851375,0.103116505,0.10536628,0.11363331,fpx9sfd,Problem-Solution
0.031306066,0.016404372,0.056439675,0.05019889,0.077198975,hc0vaqj,Intention
0.48874134,0.44645146,0.40667975,0.34157068,0.35445789,i7o8tfy,None
0.44764188,0.49073687,0.4148919,0.31198066,0.32068312,ce6hxl0,Problem-Solution
0.4159841,0.44475207,0.3688953,0.3758815,0.5599244,indbbbt,Intention
0.40969306,0.45685333,0.32164457,0.28828436,0.2525925,f1om1te,Problem-Solution
0.3247532,0.30370706,0.15840843,0.17463607,0.2618364,i6ayrmz,None
0.23045194,0.14891008,0.15289249,0.15799022,0.17689851,gv9147v,None
0.335385,0.33399522,0.17122796,0.19190757,0.148947,fmjfoyz,None
0.09647879,0.12409063,-0.031642586,-0.011943283,0.03185869,c1mso9i,Problem-Solution
0.22086659,0.17784157,0.09336536,0.17066729,0.22661231,fy76p26,Intention
0.3459394,0.35723108,0.58029395,0.4587677,0.41584837,fjhlvzp,Call-to-action
0.4316174,0.497832,0.14457646,0.08254485,0.182991,hcqelb1,Problem-Solution
0.50952727,0.4955573,0.3277885,0.3106915,0.36130416,cho05ic,None
0.05994953,0.10512185,0.023280133,0.095563196,0.21181083,c6szyp1,Intention
0.47522274,0.48071688,0.555413,0.38410032,0.4752995,ix4ge5f,Call-to-action
0.24242744,0.19748285,0.1436537,0.1794926,0.26004863,jauvni7,Intention
0.3254772,0.28772402,0.17608987,0.15966123,0.24234572,gr7fw09,None
0.3797486,0.42387766,0.35107046,0.27799234,0.26063997,dkx6l6f,Problem-Solution
0.36386827,0.4603103,0.28450042,0.318484,0.3609229,c1pzwx8,Problem-Solution
0.18553619,0.18443763,-0.077348575,-0.07744101,-0.04923018,c7161rm,None
0.24893296,0.28786504,0.12852506,0.04615871,0.15594551,fk91uci,Problem-Solution
0.20598727,0.30552846,0.17121856,0.1900633,0.25901282,jm7uyjg,Problem-Solution
0.21924418,0.22478646,-0.026756791,-0.092253804,-0.009817086,k6olni0,Problem-Solution
0.33966142,0.30618733,0.07770403,0.10184113,0.21774042,e4psrcv,None
0.36228114,0.36149433,0.18320303,0.27781335,0.25690448,j69xv8w,None
0.26229185,0.23361409,0.08550592,0.09802605,0.09195419,c5b5b95,None
0.52009684,0.5607555,0.2635008,0.29780346,0.3261822,hctj508,Problem-Solution
0.11945861,0.12966214,0.09858341,0.2696116,0.14218566,cxby8z5,Participation
0.45320183,0.51745474,0.17751026,0.23971064,0.17209956,cza7dr5,Problem-Solution
0.23878272,0.20789525,0.1912359,0.12359184,0.17442033,cmimfcr,None
0.20771268,0.1981439,0.10806635,0.12674835,0.17497268,cgtj7g4,None
0.3169585,0.340546,0.2849943,0.39718452,0.25747964,iv10buf,Participation
0.19639009,0.18353559,0.019993857,0.045779683,0.01928497,c060oue,None
0.026390066,0.046097808,-0.004931912,-0.038592845,-0.030281622,hft5uh4,Problem-Solution
0.37860477,0.35249275,0.17830975,0.16894533,0.23072481,fzycmi4,None
0.23582134,0.31053668,0.06943286,0.032020345,-0.012355946,doij8kw,Problem-Solution
0.30956778,0.35686025,0.28143963,0.20335545,0.23690575,i2vvd49,Problem-Solution
0.41152015,0.37797177,0.4922191,0.416052,0.3863833,d5jn7bp,Call-to-action
0.33965352,0.25963944,0.28193063,0.28374374,0.21358973,i4bjhgt,None
0.115809344,0.13462973,-0.0397012,-0.021163015,-0.037290256,fbbsxls,Problem-Solution
0.29317757,0.3415869,0.26387566,0.11185204,0.12065844,cuiwv1d,Problem-Solution
0.39602858,0.46119505,0.1593016,0.09008184,0.2209326,j6wyzu5,Problem-Solution
0.4711342,0.50475425,0.33521035,0.21170202,0.3161412,f3frlbc,Problem-Solution
0.2834214,0.3428577,0.20145653,0.17155246,0.22824243,cmt6lvc,Problem-Solution
0.06481534,0.060202014,0.11049201,0.06829758,0.13636771,ht69hil,Intention
0.36907735,0.35654432,0.22141111,0.15899779,0.27885497,fjvrpmx,None
0.076538056,0.053066302,0.059502155,0.037836976,0.10136563,gg4jweu,Intention
0.3359791,0.35787973,0.4088421,0.3920049,0.42097464,jhklo88,Intention
-0.06873837,-0.0914232,-0.037973784,-0.08711475,-0.038787976,cjj5jgc,Call-to-action
-0.00072601996,0.0018093362,0.02506672,0.034597248,-0.018349642,hzpei9e,Participation
0.06516794,0.022161964,-0.0434341,-0.08971815,-0.004736524,egwg3rd,None
0.30056536,0.3020454,0.1916859,0.17812577,0.28021803,k4p7jhl,Problem-Solution
0.32034972,0.34755382,0.08724005,0.07284081,0.16639853,gkqwrky,Problem-Solution
0.19495736,0.1946838,0.2668265,0.3049952,0.35651803,d5c9arz,Intention
0.35581553,0.3750583,0.22129875,0.23230092,0.31369743,caj0n8t,Problem-Solution
0.3227036,0.32278568,0.106361955,0.12555167,0.11698762,j7xtbkk,Problem-Solution
0.23015936,0.22133815,0.054604426,0.11914531,0.053587705,jjz62ac,None
0.2038283,0.14908761,0.2529757,0.19856732,0.20324485,ddzchoi,Call-to-action
0.33960167,0.43846923,0.16644335,0.20475754,0.30737275,cm1wglq,Problem-Solution
0.28697586,0.35635692,0.08432947,0.10727472,0.10055344,hgjmvli,Problem-Solution
0.26959723,0.27222672,0.30703533,0.38056988,0.29584992,fdnobma,Participation
0.44638214,0.49514785,0.23005429,0.31544912,0.35453287,c9n3tsq,Problem-Solution
0.18617724,0.24719116,0.17077786,0.16572805,0.13108912,invrrux,Problem-Solution
0.25400823,0.32440367,0.33334008,0.23796973,0.22772308,d6u4wvl,Call-to-action
-0.03310349,0.046534516,0.04719058,0.14791283,0.08678399,j1owvyn,Participation
0.24991834,0.2701721,0.2162117,0.13950586,0.09085719,g9fzibh,Problem-Solution
-0.093826905,-0.062354125,0.028772857,0.019811977,-0.017898757,k03pj2r,Call-to-action
0.37495965,0.3874576,0.09525453,0.09555225,0.13493264,d8z38cg,Problem-Solution
0.169581,0.21020076,0.36693978,0.37626553,0.24735384,e4fjwgr,Participation
0.21191676,0.27734083,0.19759673,0.08459875,0.06333844,c4yh2qr,Problem-Solution
0.17441359,0.21581051,-0.05467268,-0.0014087185,0.03434999,c73fp7v,Problem-Solution
0.28261727,0.3718597,0.2826737,0.34669235,0.29303536,hypln08,Problem-Solution
0.2610347,0.29862517,0.2242524,0.23905611,0.1645724,gzncxxn,Problem-Solution
0.089578584,0.09746939,-0.028898155,0.11365547,0.15676308,i1o5i9a,Intention
0.16971675,0.18527874,-0.021547057,0.060800143,0.07373383,drzu275,Problem-Solution
0.4372751,0.43450177,0.34667745,0.29152626,0.39187187,f08nh3s,None
0.28522688,0.26334935,0.03679678,0.031531982,0.11228524,h2pu2xd,None
0.32287848,0.42756793,0.3270135,0.4241308,0.428776,jfzf8ns,Intention
0.40575504,0.40886545,0.25841218,0.24918164,0.2695816,gi61s0r,Problem-Solution
0.33612835,0.45897755,0.12306637,0.097890615,0.14136368,f571st4,Problem-Solution
0.34434015,0.36933947,0.19674249,0.2267488,0.20499027,g4f9d7s,Problem-Solution
0.36024964,0.36526784,0.11780499,0.20111881,0.34095183,c3e6n4d,Problem-Solution
0.10843351,0.04551267,0.028484773,0.131926,0.19294119,k729lzs,Intention
0.24388006,0.2048746,0.26532182,0.3109935,0.24040407,c3rn3gn,Participation
0.21511275,0.24995676,0.22345668,0.19387433,0.21673435,irci8i5,Problem-Solution
0.18921179,0.26731867,0.13584204,0.025713004,-0.102912754,js71a0b,Problem-Solution
0.5133807,0.51492095,0.4247716,0.50176185,0.4573846,c3td1pm,Problem-Solution
0.40802372,0.549739,0.20013556,0.18136966,0.1830903,ce1utye,Problem-Solution
0.34349805,0.34895313,0.3022722,0.2936715,0.25815564,isa1dzs,Problem-Solution
0.14993097,0.13078368,0.25778937,0.31771296,0.27636158,inbdxc4,Participation
0.17343776,0.2507314,0.042147208,0.02809098,-0.030850153,fhccxx1,Problem-Solution
0.07178806,0.07240567,-0.009780738,0.04148447,0.005802607,cxiipx6,Problem-Solution
0.2144357,0.24080804,0.14230461,0.13452967,0.13907787,gh9i0u4,Problem-Solution
0.23319939,0.19707686,0.5063644,0.50381714,0.4268409,df07rzi,Call-to-action
0.2099666,0.14023551,-0.03457673,0.009508437,0.092028186,hjpwko3,None
0.3356416,0.33619058,0.22599176,0.1528217,0.25830513,h5pdgy6,Problem-Solution
0.24552412,0.1464585,0.07556845,0.13893281,0.16001204,eefgexy,None
0.061231777,-0.0010598004,0.034736395,-0.03400333,0.0321382,jdokl11,None
0.19020477,0.12395251,0.0133637395,0.11331618,0.059968427,fouvxkr,None
0.2797556,0.22007294,0.039779015,0.13804732,0.14315751,hxgxvn3,None
0.43194467,0.498828,0.2577076,0.26501885,0.22574428,dmzcnk4,Problem-Solution
0.28739446,0.3405599,0.17581177,0.07831491,0.081248134,daq463p,Problem-Solution
0.2702136,0.2459893,0.083602734,-0.03171991,0.109352715,gvy83li,None
0.08875707,0.058136865,0.043620672,0.10673785,0.16410038,f2vwcy4,Intention
0.3643517,0.3306111,0.33442992,0.4036531,0.3828723,crucffa,Participation
0.05788216,0.15269001,0.18276355,0.11520071,0.2239887,i201yq6,Intention
0.28197742,0.26293224,0.16973859,0.13534188,0.146632,cya15gi,None
0.16884935,0.20098904,-0.08635497,0.012223795,0.035307866,e2njjpg,Problem-Solution
0.12668505,0.19915417,0.13642603,0.18373239,0.15370005,cfzogxq,Problem-Solution
0.10039187,0.07566948,0.10769036,0.18042278,0.14521202,kcukvsn,Participation
0.35314125,0.40793017,0.1977016,0.20141521,0.19469705,g2ymcko,Problem-Solution
0.23010752,0.23719026,0.04853812,0.08743915,0.022157498,euc0lwy,Problem-Solution
0.28081995,0.3401111,0.2512684,0.23629537,0.1075978,iexsevb,Problem-Solution
0.1848728,0.21234453,0.26057893,0.16490383,0.119252436,d4e811q,Call-to-action
0.20009468,0.19342357,0.3757522,0.22233908,0.19752723,da8f60n,Call-to-action
0.34748095,0.37557155,0.33679274,0.2759768,0.24898657,eiinmsr,Problem-Solution
0.37159184,0.41561228,0.13088617,0.18149182,0.23450658,fabgyj1,Problem-Solution
0.25561535,0.19984679,0.08969891,0.15259123,0.12771182,fvhb6ao,None
0.2824231,0.24189457,-0.009946715,0.091322154,0.15277062,hh16t5i,None
0.3455935,0.36136365,0.27896082,0.25358137,0.32659307,gkpjzqf,Problem-Solution
0.3000093,0.26946652,0.10852851,0.08768141,0.17067716,k30a8o5,None
0.42379418,0.48710147,0.12762962,0.1955867,0.09669901,er3f124,Problem-Solution
0.15633203,0.21439002,-0.044579722,0.07930325,0.017682232,iudtrm8,Problem-Solution
0.3027904,0.35624772,0.11128225,0.17933472,0.19722831,d26p3ms,Problem-Solution
0.04848128,0.03358588,0.043773532,-0.005251444,0.08113146,epxitd5,Intention
0.45135707,0.53120905,0.31831157,0.2923029,0.36426207,g37qbdg,Problem-Solution
0.23278993,0.29024506,0.1880737,0.19542435,0.22404806,inmm9o7,Problem-Solution
0.10278273,0.041452944,0.07518712,0.14029722,0.16047633,dgrtb7e,Intention
0.3488813,0.41367984,0.10794327,0.18630493,0.1320645,ijyi4er,Problem-Solution
0.03037281,0.037955612,-0.05128915,-0.048086848,-0.013489459,fvvabwi,Problem-Solution
0.29638523,0.2822883,0.8799844,0.48957366,0.40701735,dw2qep8,Call-to-action
0.12414532,0.049403086,0.09215157,0.0348309,0.10591744,cg8m0vp,None
0.39446554,0.40541768,0.10270712,0.08190121,0.117465526,c4tkle1,Problem-Solution
0.2912781,0.34095395,0.09810415,0.086159855,0.04863097,cl2p5i6,Problem-Solution
0.32211953,0.40177673,0.23988715,0.13166878,0.23672038,dh9r58l,Problem-Solution
0.24762458,0.27487797,0.19616595,0.22473192,0.07861595,fw3whxx,Problem-Solution
0.2737745,0.34627897,0.07546055,0.09589383,0.14054863,h1ueyo1,Problem-Solution
0.14008805,0.15403979,0.030211786,0.08190139,0.10017419,dn7k0az,Problem-Solution
0.04840187,0.12095919,0.10778405,0.1259923,0.10351736,i2nvqeq,Participation
0.36098552,0.3465757,0.10202653,0.11086341,0.16886616,k5afinp,None
0.27722996,0.2818475,0.030687593,0.0022015646,0.07802795,e6w8vbn,Problem-Solution
0.29978225,0.3398674,0.0977199,0.22031638,0.058895003,j9proct,Problem-Solution
0.09287073,0.058548708,0.15255992,0.2006982,0.19147131,j7ajt9s,Participation
0.15537682,0.15075761,0.15074985,0.04180184,0.19593844,dtrk5ip,Intention
0.23354389,0.23144549,0.12672897,0.22112599,0.309565,ihy45s9,Intention
0.19871263,0.25372863,0.28168827,0.38302666,0.27108037,dgkvial,Participation
0.21637942,0.1496441,0.1250395,0.15499511,0.214517,gyfrxk8,None
-0.04198563,0.008882534,0.057355806,-0.026073592,-0.009364368,cdzkqq0,Call-to-action
0.40775388,0.4476375,0.2734187,0.28366825,0.20318043,cvvw9wt,Problem-Solution
-0.034509394,-0.0193042,-0.026716698,-0.08433129,-0.054587603,ik2yzss,Problem-Solution
0.1746117,0.13542052,0.04476115,0.07381569,0.057875346,gxvw4q4,None
0.19182953,0.14634494,0.03051015,0.0980654,0.1053523,caiq38v,None
0.11589099,0.19733179,0.11254808,0.07381551,0.14751467,gm1kwic,Problem-Solution
0.416968,0.4251908,0.35664672,0.38749346,0.29650176,je8fkyt,Problem-Solution
0.40967703,0.49387708,0.22049351,0.26277336,0.29476577,g1t2myv,Problem-Solution
0.28212368,0.22803995,0.36479074,0.43929002,0.37294716,daembkg,Participation
0.28500497,0.38655087,0.22713107,0.19738618,0.16957632,gig7i5u,Problem-Solution
0.5285491,0.5535255,0.42801023,0.38620275,0.40212804,dvck88t,Problem-Solution
0.34873974,0.3046217,0.26175734,0.28909495,0.37141126,fyd48am,Intention
0.2014147,0.2879914,0.021879263,0.079395354,0.042178318,dg780pg,Problem-Solution
0.17825246,0.08538809,0.075039804,0.11751019,0.16214158,jbvrwu0,None
0.20136444,0.14576855,-0.031367265,0.02498404,0.051034626,jifbh6c,None
0.23785971,0.28440434,0.04222005,-0.0072038695,0.010030858,kcy26on,Problem-Solution
0.38772494,0.34799117,0.18075454,0.12612289,0.20640987,hdp3rw4,None
0.10555319,0.1572541,0.0055352347,0.03791236,-0.0066786334,hwpxim2,Problem-Solution
0.14753698,0.1521666,-0.08838752,-0.0047071697,0.03461885,darxml7,Problem-Solution
0.1961033,0.18095672,0.3595475,0.44198793,0.411803,iogghk3,Participation
0.17257008,0.124688044,0.047822133,0.09915609,0.018876407,i3prvnh,None
0.37426668,0.4258708,0.1953651,0.26594448,0.20620415,c9ryejj,Problem-Solution
0.17449829,0.20325193,0.09648055,0.084634356,0.11653589,faekiqn,Problem-Solution
0.33518842,0.38922197,0.22964045,0.22590366,0.2611357,jxxlapf,Problem-Solution
0.06680806,0.08410762,-0.041050736,0.011489749,0.0460517,jwsvsto,Problem-Solution
0.043129973,0.1336979,-0.013564959,0.12564734,0.083318055,huiawrc,Problem-Solution
0.21145652,0.2291275,0.18210158,0.26541477,0.21218878,gpzrbrx,Participation
0.16105303,0.220724,0.051701482,0.06823361,0.12653802,hsb819h,Problem-Solution
0.36942822,0.43886983,0.19171509,0.27916542,0.25211817,g873fqh,Problem-Solution
0.3119337,0.33901256,0.20160557,0.14493947,0.25722492,f1aakhi,Problem-Solution
0.16029589,0.14637531,0.07724641,0.07516233,0.16436872,c5jl2oo,Intention
0.30601513,0.23837236,0.18830183,0.223045,0.22034007,c9ubsw1,None
0.27398372,0.31104565,0.26861298,0.36965692,0.29895657,gvfa5a7,Participation
0.12751883,0.023076124,-0.00020704139,-0.0049205814,-0.030745884,gjm5t7t,None
0.30435762,0.39781317,0.27838063,0.15271193,0.1364309,joo0rsg,Problem-Solution
0.039083242,0.03080437,0.09688911,0.0638457,-0.051104195,glnz0ek,Call-to-action
0.25544453,0.32141358,0.05724198,0.12815307,0.10276756,eogyih6,Problem-Solution
0.2315714,0.18927726,0.08709291,0.14701286,0.18453877,dyybv8g,None
0.16608673,0.16921222,0.13884988,0.13832888,0.25811648,iv33v2m,Intention
0.16367415,0.15546459,0.16152668,0.14397104,0.11139401,gkyc2te,None
0.22171415,0.27435064,0.076218426,0.13363963,0.09460383,h3bi0y7,Problem-Solution
0.31987834,0.39444345,0.23118111,0.13785233,0.17186035,cuf0bvq,Problem-Solution
0.2186232,0.26827624,0.07582547,0.07976836,0.037947387,kc4nzvs,Problem-Solution
0.2030612,0.21514562,0.1549343,0.23039693,0.33034956,fl2p01c,Intention
0.2581889,0.33407694,0.15406719,0.13925208,0.098639116,jm068ty,Problem-Solution
0.1877028,0.1771546,-0.03745573,0.038516603,0.025662756,gq9wbc0,None
0.3656462,0.42293483,0.21152346,0.32317114,0.31055617,imcigkm,Problem-Solution
0.45270923,0.4706739,0.37670696,0.29168695,0.265816,f8z6wqn,Problem-Solution
0.33293265,0.36290038,0.18044391,0.23220515,0.28562024,dl1xr1r,Problem-Solution
0.35050243,0.37534395,0.19141126,0.35975257,0.27799886,gr45a7l,Problem-Solution
0.48124433,0.47793734,0.29797676,0.34039178,0.32737264,dfbd4p4,None
0.54704535,0.48529187,0.5175696,0.5628048,0.66210175,iwpu8m9,Intention
0.25917283,0.3258028,0.05080547,0.009790095,0.13561583,coieb2m,Problem-Solution
0.22007346,0.24367395,0.2054539,0.14162439,0.022305615,k0gyrga,Problem-Solution
0.5385171,0.5193898,0.14306474,0.25577345,0.24529591,e0s6gqc,None
0.36066705,0.3607301,0.24426728,0.15255523,0.2489168,cvpbe70,Problem-Solution
0.40881804,0.4682382,0.2303065,0.24453637,0.29795992,duijtir,Problem-Solution
0.3223387,0.3238147,0.32662734,0.33969265,0.3255556,he5tulo,Participation
0.085948154,-0.022174038,0.021450486,0.0022494812,0.09045366,cizeqba,Intention
0.21457441,0.16812135,0.29732406,0.16843235,0.13365957,edue8jf,Call-to-action
0.1511101,0.17775407,-0.08227071,-0.053369306,-0.023013465,cnwhjhc,Problem-Solution
0.3015637,0.34719354,0.29821953,0.34876102,0.3559845,chklb80,Intention
0.42895833,0.49860418,0.31117395,0.2587949,0.33018893,dffxhdt,Problem-Solution
0.17750081,0.17564678,0.16787313,0.19220844,0.17344439,jfvagsh,Participation
0.31075034,0.32055825,0.16500425,0.21846646,0.25566325,d5wj0io,Problem-Solution
0.24138643,0.2906239,0.19834647,0.07497251,0.09203882,d5tkymf,Problem-Solution
0.36292553,0.47761795,0.22706513,0.28750613,0.29783583,fz526yy,Problem-Solution
0.17634033,0.16280939,0.14654964,0.21038294,0.33643293,jabp4ff,Intention
0.26334003,0.26201367,0.28490686,0.23719744,0.234658,c6q65ss,Call-to-action
0.49374223,0.4974774,0.24419522,0.25408915,0.26986855,drwpiv2,Problem-Solution
0.5620169,0.52371925,0.39634424,0.41998392,0.43262833,hv73m7w,None
0.27184886,0.27153075,-0.009748988,0.028999317,0.123135805,e4ef31b,None
0.31336683,0.37203422,0.2567122,0.20978495,0.13806003,jlv8u3s,Problem-Solution
0.4062971,0.50404465,0.34474984,0.26035315,0.3388405,gpodvh8,Problem-Solution
0.07661437,0.15141544,0.114747286,0.154515,0.009873101,hkxftsz,Participation
0.17033117,0.11385026,0.113198295,0.12450121,0.14890699,gqgvw62,None
0.10858805,0.10440625,0.063983746,0.052675888,0.02212245,ccqpnkv,None
0.19734035,0.14345528,0.035310913,0.060129277,0.097922415,jr5ma48,None
0.2417875,0.27983993,0.055846736,0.05997762,0.1400329,ij790bk,Problem-Solution
0.3271415,0.3662776,0.2507438,0.18148823,0.25864518,eqfgkn1,Problem-Solution
0.28443986,0.32217556,0.09478013,0.022847943,0.11795364,fc3b2x7,Problem-Solution
0.37137616,0.43281925,0.29899597,0.2387897,0.2295009,itcl26e,Problem-Solution
0.21685429,0.1763432,0.15795614,0.17706996,0.19453841,hwpho6g,None
0.42985135,0.4593017,0.30034876,0.30815142,0.30413768,cvrp47z,Problem-Solution
0.40046173,0.46196413,0.27139485,0.28100616,0.25959435,ch13acv,Problem-Solution
0.3814292,0.386622,0.1286869,0.17614093,0.21765175,hwi0ryg,Problem-Solution
0.24227579,0.29711854,0.14558913,0.07348652,0.103007674,jn24gqu,Problem-Solution
0.33517998,0.2812938,0.21771961,0.19621609,0.32895046,g8r7fux,None
0.2850993,0.30888316,0.18215768,0.11048153,0.15752284,co4lp3a,Problem-Solution
0.18818516,0.22045241,0.09259568,0.07003898,0.06448905,d8apbs4,Problem-Solution
0.25205398,0.2892232,0.079416424,0.054115932,0.14803168,ca1pd0i,Problem-Solution
0.15959138,0.22058837,0.05046277,0.17223161,0.0905352,di0lr1w,Problem-Solution
0.2567773,0.27590576,0.1789802,0.09436548,0.08542429,d6oe2os,Problem-Solution
0.35875428,0.40064347,0.07192265,0.113209754,0.16800568,deuc2rb,Problem-Solution
0.3360123,0.44682157,0.46528468,0.3248562,0.2522148,d615hqg,Call-to-action
0.42980248,0.39526635,0.19639097,0.21565947,0.26251116,k9et8x7,None
0.2914893,0.34975085,0.2405849,0.18521184,0.19966765,fvnrgk8,Problem-Solution
0.19483294,0.22122777,0.009720691,0.12197182,0.1058024,h9i4izp,Problem-Solution
0.4732814,0.5192014,0.28574142,0.26395014,0.2488398,eglqcra,Problem-Solution
0.33997378,0.33173358,0.1916799,0.2334187,0.24605285,erv5s4m,None
0.35543978,0.4512328,0.41713464,0.40042955,0.36961773,dvmceig,Problem-Solution
0.14336342,0.12778206,-0.0058382787,0.018158514,-0.027864557,i7co3b9,None
0.16932498,0.24324048,0.02750497,-0.0068673454,0.029373884,gfztc0y,Problem-Solution
0.10231272,0.093685634,-0.020773757,0.045198254,0.013098819,cjcki5b,None
0.21300699,0.14917323,0.12835497,0.24226414,0.15943018,izxrpsl,Participation
0.3313563,0.28027868,0.4395266,0.28547904,0.34641904,ju5qpvs,Call-to-action
0.0043242746,0.08657566,0.065806925,0.1183645,0.051670693,hvo103z,Participation
0.4499921,0.48256403,0.36004546,0.37155673,0.38532764,ejdkv2e,Problem-Solution
0.2647639,0.27696696,0.17438301,0.20633419,0.29214364,c51v3j1,Intention
0.4456454,0.47147235,0.47738948,0.48786643,0.41796896,clget10,Participation
0.26713347,0.36878943,0.1809684,0.08094882,0.02980351,eetyhsw,Problem-Solution
0.3037086,0.3681783,0.19913012,0.29765207,0.37168646,ifjmnju,Intention
0.23477758,0.14346641,0.15296155,0.20968555,0.22984746,icgbadp,None
0.042391945,0.0005363226,-0.019723604,0.0043348856,0.032425247,i6bxwhh,None
0.23274478,0.1633168,0.31557155,0.3209436,0.29676688,i74ytyt,Participation
0.5277714,0.46944702,0.29957068,0.27630392,0.39057788,fg5qkbf,None
0.3546904,0.34623417,0.10772954,0.10388044,0.13345441,cj5ohx6,None
0.049610943,0.068453014,0.21891046,0.13549724,0.26192445,cvqifau,Intention
0.32496682,0.39010453,0.20273013,0.14172617,0.13235137,j8u90ca,Problem-Solution
0.3221194,0.33300692,0.028071223,0.09740983,0.1254592,dqlxp3k,Problem-Solution
0.19550288,0.17811762,0.09004621,0.07927416,0.10960765,iu38sux,None
0.08314167,0.10767309,0.20953916,0.29873747,0.35829335,eaoyz0x,Intention
0.42165753,0.3823513,0.31534204,0.24567686,0.32773834,c6278fz,None
0.129005,0.1689786,0.18265268,0.10167609,0.21878895,g5qsl9y,Intention
0.33507597,0.34865624,0.3608526,0.26124677,0.19702087,d5nlfu8,Call-to-action
0.29675552,0.28300664,0.08152896,0.22040243,0.17654568,cptk7fx,None
0.24758478,0.27330208,0.016350321,0.031231036,0.07253021,df98as3,Problem-Solution
0.35385203,0.3658561,0.24208418,0.24169075,0.23586997,gerp07f,Problem-Solution
0.3181829,0.38019088,0.21482064,0.2432719,0.20838097,f1pi4vh,Problem-Solution
0.32907885,0.37067962,0.24962999,0.24367854,0.16920567,cflvodq,Problem-Solution
0.0012104027,-0.06696079,-0.03289297,-0.08855782,-0.03881585,k0zixts,None
0.37405616,0.42317742,0.26896942,0.20061027,0.2518891,hu751ec,Problem-Solution
0.20043553,0.18235631,0.0598291,0.16983786,0.1224943,hom3121,None
0.2612695,0.27218717,0.079803005,0.052460067,0.08059567,k520dk9,Problem-Solution
0.1440712,0.15922725,-0.009350605,-0.025168382,0.022935156,dik2oe8,Problem-Solution
0.400271,0.44925702,0.15437758,0.17298569,0.212454,h1jxs29,Problem-Solution
0.24203664,0.2212872,0.21355477,0.21903308,0.37353563,jqxz6e2,Intention
0.31039405,0.43480748,0.09018219,0.06876804,0.20920031,cpxfhz2,Problem-Solution
0.30834657,0.3587177,0.093299344,0.027752478,0.0037421286,dbatueh,Problem-Solution
0.46472892,0.53468907,0.22034854,0.37042698,0.37103933,cq336zv,Problem-Solution
0.26940164,0.27223378,0.069107994,0.09538025,0.18294737,h0rv5ig,Problem-Solution
0.31046557,0.30093873,0.20536484,0.24007471,0.21152402,crn3ewx,None
0.1527884,0.1375048,-0.006975676,0.08696297,0.11075155,iu8sap8,None
0.112138376,0.035336465,-0.022685643,-0.02254514,-0.05063116,di0i25j,None
0.36557457,0.29322976,0.3045701,0.24228056,0.26538628,i2vywa5,None
0.33064508,0.3981787,0.16999486,0.14927799,0.11080526,drfub4b,Problem-Solution
-0.030011874,0.021687824,0.045024287,0.042627107,0.014422705,ir154lp,Call-to-action
0.38099486,0.40051782,0.29914284,0.2437234,0.24735372,gtq7b24,Problem-Solution
0.30128092,0.31313694,0.21428064,0.2697908,0.13697925,cw73udv,Problem-Solution
0.4121574,0.4607978,0.18677157,0.30704606,0.31653902,e9jrt4m,Problem-Solution
0.15078825,0.2524368,0.17208146,0.26279986,0.19438222,dzrfkqw,Participation
0.36005253,0.36577305,0.3322689,0.270043,0.25710455,ifpw7s3,Problem-Solution
0.34856632,0.29514334,0.18071404,0.18868452,0.25292787,imwii13,None
0.4078939,0.44675788,0.23916526,0.19833037,0.2529565,iapdlgj,Problem-Solution
0.26009154,0.32729048,0.23209849,0.1043933,0.11726092,dcovrdi,Problem-Solution
0.24963549,0.19772856,0.039854392,0.22301744,0.20394999,chy98tn,None
0.27450424,0.24207997,0.25526094,0.2602368,0.2633492,ghf8y6k,None
0.24203931,0.27280092,0.2998733,0.15862474,0.20109315,eysz5cz,Call-to-action
0.14477888,0.100419626,0.21516396,0.1486022,0.11462559,ecr2z7e,Call-to-action
0.3949098,0.41563082,0.3565445,0.4105418,0.3949242,i9hinmh,Problem-Solution
0.33911166,0.40205386,0.19951919,0.22078463,0.17625992,eclz2tf,Problem-Solution
0.38152438,0.38105968,0.19184004,0.15934744,0.09460919,grcbge8,None
0.0737058,0.118377015,0.090495065,0.23914683,0.1909303,gh6xrs3,Participation
0.2916818,0.2536016,0.048328444,0.18299161,0.208992,c3p8h9r,None
0.45655513,0.49476928,0.31366014,0.2497354,0.23467886,c6rpdp7,Problem-Solution
0.21421555,0.18161899,-0.03742233,8.0817845e-05,-0.017926408,cki34zr,None
0.348891,0.35566223,0.3568418,0.38261354,0.3537231,cetvdz4,Participation
0.38978195,0.4472214,0.43837276,0.36764634,0.4471932,dd3m249,Problem-Solution
0.084278405,0.086936384,0.07463061,0.013677537,0.12667784,iipogge,Intention
0.1977298,0.09069526,0.20409742,0.23283067,0.2400341,c39nxl4,Intention
0.39616534,0.41778433,0.34272003,0.32218522,0.3545434,cfyfkt4,Problem-Solution
0.22319625,0.3336048,0.06661754,0.024434362,0.039833024,hnq6aik,Problem-Solution
0.26754785,0.3056609,0.039072923,0.14361659,0.027716968,cz3yeq3,Problem-Solution
0.24656901,0.17715196,0.06089695,0.16958682,0.14700013,jwrnuvo,None
0.071163654,0.09171818,0.006176915,-0.038859144,0.06316143,hky5ov2,Problem-Solution
0.52193844,0.53203535,0.3240797,0.34867322,0.42989412,i2p4sei,Problem-Solution
0.3155501,0.37991393,0.27812484,0.21050209,0.20981696,ccm23ea,Problem-Solution
0.24635887,0.32436693,0.10651255,0.03877396,0.1123868,fj9pqua,Problem-Solution
0.3061082,0.25718072,0.14450705,0.18110564,0.18635103,c6ssu1y,None
0.047087535,0.0057011917,-0.026638199,-0.054819547,0.06703063,hvnxgr9,Intention
0.21852498,0.15044984,0.4960294,0.37623847,0.28756222,d4a6nl8,Call-to-action
0.37182337,0.37130347,0.3046527,0.19557956,0.17618299,fdhjk01,None
0.1740183,0.20903432,0.39619654,0.38535962,0.5163369,ebuz510,Intention
0.31041217,0.36204237,0.19008675,0.12106485,0.11059247,jqhmh7w,Problem-Solution
0.32183775,0.33379412,0.055492055,0.10507299,0.10832792,eqkmo5g,Problem-Solution
0.35819596,0.4263242,0.27629408,0.22651306,0.28760397,ih7jn7d,Problem-Solution
0.11216373,0.06504865,0.11961073,-0.00786798,0.092672236,jw3dkoi,Call-to-action
0.20246874,0.22757477,0.22495198,0.16535288,0.041598633,gj1slnn,Problem-Solution
0.31475046,0.3493126,0.12312186,0.09617439,0.096830115,hukntpe,Problem-Solution
0.23872797,0.2212829,0.12435669,0.2199045,0.15571198,g7zduma,None
0.37495816,0.4477982,0.2794392,0.349164,0.2829593,cd3146a,Problem-Solution
0.39220768,0.4663203,0.21289335,0.2559116,0.24935238,jwgxwsk,Problem-Solution
0.38767374,0.36183408,0.1537894,0.24904169,0.24570745,d1mor3j,None
0.4775386,0.5042041,0.27618295,0.27591324,0.27048504,cmgtm55,Problem-Solution
0.3213291,0.36675996,0.18886434,0.26195958,0.19239923,d5chcew,Problem-Solution
0.24055746,0.3419506,0.18468949,0.15859139,0.17050786,i4ls1ww,Problem-Solution
0.334735,0.35452116,0.26549226,0.16847423,0.20096093,d608r5y,Problem-Solution
0.06289178,0.05854842,0.055193316,0.0028398782,0.09225505,ht0ix4g,Intention
0.24035329,0.27596313,0.14113718,0.31822437,0.15078253,cqn6erv,Participation
0.11304913,0.092662536,0.060759697,0.04033391,0.18779314,icj34mn,Intention
0.27706447,0.29219574,0.13376665,0.10858934,0.17787325,e7g28fh,Problem-Solution
0.3871404,0.4091974,0.20589454,0.27568814,0.34219956,d5txufk,Problem-Solution
0.0581785,0.07889484,0.10041416,0.16409618,0.10396946,h1hi5md,Participation
0.44138908,0.5070126,0.37231004,0.2892529,0.3077096,hrdc3kw,Problem-Solution
0.24622124,0.2827655,0.15911508,0.02045464,0.02593214,d7ufl8u,Problem-Solution
0.31187257,0.32892883,0.33989775,0.30414683,0.2578373,ddn3t0h,Call-to-action
0.22896227,0.09199914,0.2632816,0.22595492,0.25411314,jbwgtfm,Call-to-action
0.09447873,0.06413392,0.052773006,-0.017584085,0.0432635,j0emhff,None
0.33191973,0.32824892,0.110996254,0.20572421,0.3355363,gja59x3,Intention
0.32469934,0.43922037,0.390755,0.33142993,0.3309795,d57f3az,Problem-Solution
0.19403438,0.25307512,0.24485584,0.13471743,0.039667092,d5t47wy,Problem-Solution
0.1247876,0.098257765,0.09912845,0.016071884,0.05955663,i8d1slt,None
0.3411216,0.38428366,0.30392778,0.32715636,0.25119928,itm1mg6,Problem-Solution
0.364133,0.43045533,0.2661089,0.17628151,0.22508118,e3hf95l,Problem-Solution
0.19654347,0.14136212,0.09998183,0.065822534,0.14526463,dwymta9,None
0.3614665,0.3981234,0.1464949,0.1437969,0.16524285,e7o8fgs,Problem-Solution
0.41498548,0.44825923,0.23494564,0.2951243,0.36602783,cwo9e98,Problem-Solution
0.14993097,0.13078368,0.25778937,0.31771296,0.27636158,jq9ua6a,Participation
0.30913562,0.29234672,0.20220222,0.13368754,0.13583712,c8iw43q,None
0.49603367,0.5691782,0.33059612,0.33573818,0.2975146,eit1yka,Problem-Solution
0.44190523,0.48293906,0.14929014,0.14069802,0.19301572,kcz81gx,Problem-Solution
0.32592994,0.31343228,0.12498805,0.19733071,0.18791628,gokaqbw,None
0.47419983,0.48461863,0.2616304,0.2662933,0.4644977,el6lyog,Problem-Solution
0.12618858,0.14946759,0.04445263,0.15449221,0.050020445,homm08x,Participation
-0.0047217207,-0.037761196,0.013427902,0.10552083,0.11283522,j3q80ps,Intention
0.44691035,0.56100243,0.21058008,0.26737255,0.2545994,chaiupr,Problem-Solution
0.46033478,0.4820005,0.26298803,0.28218102,0.2977078,ivggkex,Problem-Solution
0.21338058,0.23419517,0.1708184,0.10303669,0.09614344,ic7irv2,Problem-Solution
0.071829826,0.06484076,0.058168944,0.11729205,0.15878728,gagpkph,Intention
0.4364612,0.48638797,0.12945144,0.081338376,0.12589815,k4l465f,Problem-Solution
0.19782323,0.21550494,0.07287779,0.103039496,0.082133695,cu8d0hx,Problem-Solution
0.1722815,0.20222749,0.10871263,0.12912652,0.16008043,hwj9m1i,Problem-Solution
0.3580896,0.39065897,0.17204413,0.28860596,0.15941536,ddbau8u,Problem-Solution
0.2009362,0.27240193,0.025887588,0.046350077,0.07623803,dx4tlad,Problem-Solution
0.23326708,0.2990492,0.12411313,0.19993109,0.27145395,h29qc7z,Problem-Solution
0.25509775,0.23701426,0.3605097,0.41056654,0.38674352,k57sl3d,Participation
0.29545528,0.2928307,0.050704736,0.0991787,0.13741717,homaprz,None
0.23823524,0.2348151,0.24246892,0.22885415,0.06221599,iu4aecc,Call-to-action
0.26511255,0.29202467,0.30081958,0.2728511,0.32748348,iueo6fo,Intention
0.312286,0.26427495,0.050320067,0.028496148,0.035877418,h3ggehx,None
0.29694283,0.2852719,0.06373534,0.15172759,0.14318165,ie4gglz,None
0.38293007,0.4595731,0.24213523,0.33677185,0.30746847,d0fo2lr,Problem-Solution
0.30018955,0.2917101,0.037699122,0.06466003,0.12471901,h12alya,None
0.10908579,0.021666601,-0.0064463113,-0.007476256,0.13127209,dybu1gq,Intention
0.38635176,0.46207362,0.23335704,0.22367123,0.18933827,gkfpqgt,Problem-Solution
0.34505564,0.39990744,0.25763106,0.3107017,0.16652359,e4szkky,Problem-Solution
0.41937461,0.40724623,0.55730724,0.51077414,0.63884825,jlh27ic,Intention
0.27955356,0.31609488,0.37562448,0.36875653,0.21702905,jvduyhs,Call-to-action
0.27293357,0.31479073,0.1402279,0.09322406,0.20838785,csoqsi3,Problem-Solution
0.3018403,0.25097644,0.21983522,0.20505093,0.2509004,c7ytwhr,None
0.17057386,0.126363,0.08054019,0.07114032,0.13899681,cmx4u12,None
0.45464286,0.49078324,0.14431292,0.22527203,0.27787715,gr09w0a,Problem-Solution
0.25843257,0.31418756,0.10793119,0.167276,0.13289416,ddf4ix9,Problem-Solution
0.11246525,0.076516904,0.024349516,0.10609442,0.12703522,gs72dym,Intention
0.2631899,0.3012707,0.21307099,0.12117034,0.17188467,c0e24de,Problem-Solution
0.26161736,0.2311588,0.22903019,0.18042396,0.15534559,eipx0j5,None
0.39064175,0.316486,0.46270114,0.5740683,0.5515704,fnjglw8,Participation
0.26481965,0.33222625,0.23354207,0.11777268,0.15352292,j6oq8vd,Problem-Solution
0.29664177,0.29709524,0.32950652,0.23181872,0.3321902,ce58bi7,Intention
0.24728268,0.2946678,0.15637437,0.17776689,0.18396714,hokbxoz,Problem-Solution
0.28799415,0.37026605,0.11838581,0.19996276,0.18275149,cn62b7o,Problem-Solution
0.20224631,0.2586168,0.21735181,0.24562392,0.21607266,d6scfju,Problem-Solution
0.33558595,0.41795206,0.3661553,0.15434946,0.13174352,kfad1jc,Problem-Solution
0.27548438,0.27192134,0.146965,0.121943146,0.11911143,kecij12,None
0.26893777,0.31058615,0.11403525,0.091804735,0.055814564,d1xfguk,Problem-Solution
0.25130564,0.30374426,0.21831971,0.24799219,0.17510179,jske194,Problem-Solution
0.18012281,0.17058146,0.41159916,0.43546656,0.39979497,jrjcvi1,Participation
0.23724696,0.3135797,0.29108882,0.19684036,0.16437107,fx7kfya,Problem-Solution
0.3781323,0.4241591,0.36950177,0.49697423,0.4969632,dmn0z7g,Participation
0.090167284,0.13029186,0.16101387,0.1085938,0.14195442,h1ngefp,Call-to-action
0.4812464,0.45728517,0.4711405,0.49193335,0.62935984,guvzedm,Intention
0.06391892,0.14008743,0.20837334,0.19191542,0.2516569,kd7gvb5,Intention
0.2340669,0.24612372,0.04244504,0.039802153,0.12965226,hl0b5lr,Problem-Solution
0.21204823,0.2261925,0.021981519,0.033374302,0.0053270655,dte2oqr,Problem-Solution
0.3252516,0.2843135,0.3665972,0.39098132,0.5434724,coe6r6y,Intention
0.25862306,0.3112079,0.16209455,0.16237299,0.15858078,itdxjef,Problem-Solution
0.26403075,0.30954146,0.19133002,0.21328223,0.18686557,hubal7v,Problem-Solution
0.31239048,0.34865922,0.1771695,0.12998733,0.07115554,jocvrax,Problem-Solution
0.46704608,0.4853288,0.26111796,0.38624853,0.44714287,gwcsznc,Problem-Solution
0.34145096,0.42376208,0.16405332,0.10771173,0.05141034,e03tp8a,Problem-Solution
0.3404639,0.4453556,0.21859393,0.11932516,0.14254063,jo1zge0,Problem-Solution
0.42357934,0.44487044,0.14354727,0.17398061,0.2700919,jiou23f,Problem-Solution
0.31700504,0.3934888,0.08694125,0.20457157,0.23514608,d7zijvq,Problem-Solution
0.18403012,0.10888299,-0.023947904,0.14885087,0.06970304,g1ncgnd,None
0.34968734,0.44657427,0.19001833,0.18267182,0.20993695,ewn73wl,Problem-Solution
0.29225627,0.20289367,0.02470644,0.029703462,0.013939175,itjf5s3,None
0.17186186,0.23668922,0.065226965,0.011534357,0.016957045,e79ktkf,Problem-Solution
0.22991486,0.24998197,-0.12924351,0.027525188,0.01900653,j604csg,Problem-Solution
0.18074319,0.16355906,0.09547569,0.106684595,0.09876487,ka89whl,None
-0.038164277,-0.033710103,0.010362496,0.036668945,0.09071667,dow7ner,Intention
0.25452867,0.2685351,0.13847226,0.16044696,0.15264072,f1z3el6,Problem-Solution
0.3885316,0.37994736,0.08260811,0.16294885,0.1766371,gmr1u38,None
0.34258306,0.34548068,0.12844144,0.11933856,0.12215308,hov0mw0,Problem-Solution
0.36641034,0.29384676,0.12584513,0.26994032,0.2744618,c57qlve,None
0.3705836,0.38457075,0.23424473,0.26816332,0.30072543,hwwg1v6,Problem-Solution
0.23581007,0.29774824,0.05594676,0.026582079,0.11027656,g5lm7du,Problem-Solution
0.25135523,0.24816717,0.09826566,0.16557713,0.22818732,fqlyso0,None
0.2751009,0.29274297,0.07755995,0.052831076,0.0639478,jvxbco2,Problem-Solution
0.3241596,0.29508877,0.07105913,0.11425165,0.124497324,eoltkn3,None
0.37303624,0.40230387,0.12393548,0.090885,0.111887105,gq5gn4x,Problem-Solution
0.2863968,0.21199962,0.2743183,0.20981625,0.1869221,hmr2f8v,None
0.26724604,0.2864681,0.16124332,0.2857551,0.10988471,hepx381,Problem-Solution
0.17478606,0.19305551,0.11926746,0.011623768,-0.04838714,f6k6dph,Problem-Solution
0.39248097,0.47026995,0.4082941,0.33014375,0.3530528,jbjc10e,Problem-Solution
0.121522956,0.08331457,0.086089596,0.1065886,0.1938177,k4irirk,Intention
0.20953372,0.23961735,0.044588797,0.05681869,0.025911737,ipmk5gz,Problem-Solution
0.34359577,0.37911403,0.23824462,0.23987341,0.20449382,fupwtgz,Problem-Solution
0.30729932,0.40313768,0.16618991,0.14549899,0.17051505,h15tfyb,Problem-Solution
0.43228006,0.47321928,0.35514337,0.40523145,0.37344196,dwfp9in,Problem-Solution
0.17983596,0.13428575,0.15549034,0.19781421,0.2344862,f38tbzi,Intention
0.07453518,0.13560948,-0.07515393,-0.017804269,0.05260077,caji7xf,Problem-Solution
0.36169672,0.41639233,0.25665602,0.21546935,0.2301381,c4koni4,Problem-Solution
0.19368127,0.13655683,0.10931674,0.2036599,0.17629835,kdh6dd2,Participation
0.25394383,0.28417015,0.20130405,0.110153794,0.110162504,iypefza,Problem-Solution
0.21028045,0.122123055,0.044691544,0.057568386,0.08455763,hdlhb9j,None
0.20088285,0.16265376,0.11823852,0.11640255,0.10599454,icb0z83,None
0.3247118,0.3041727,0.25498506,0.1867859,0.23626536,ct16dzr,None
0.24751045,0.30994356,0.38106552,0.24919365,0.16597484,jhns7nt,Call-to-action
0.1900754,0.05524873,0.061405443,0.10339917,0.10504999,hoct6v9,None
-0.0313299,-0.056901697,0.05634685,-0.05647177,0.025573619,h2x3904,Call-to-action
0.30056652,0.34064597,0.15210924,0.090049796,0.097472325,ew26skt,Problem-Solution
0.21145445,0.26391754,0.041689288,0.14427708,0.070502624,jh5ucqm,Problem-Solution
0.41009325,0.41892976,0.38245103,0.2960794,0.3011794,dn5djau,Problem-Solution
0.3392374,0.42951775,0.19577694,0.14469588,0.17187381,jqm60ca,Problem-Solution
0.16203858,0.19210836,0.08032945,0.12053183,0.00917696,j7jtyyf,Problem-Solution
0.30081552,0.28630045,0.031433024,0.0685644,0.120309114,f1pixm9,None
0.3445731,0.39305067,0.25604242,0.23287171,0.12827812,eov2pat,Problem-Solution
0.23206846,0.19261391,0.17148492,0.17959759,0.13173397,cennc16,None
0.25040454,0.18786149,0.016179502,0.06477575,0.088502295,hn62833,None
0.18483631,0.26943955,0.034947716,0.0644109,0.025995925,dedb7ml,Problem-Solution
0.3594352,0.46599233,0.23879874,0.13829234,0.24395332,czpzs4i,Problem-Solution
0.3380244,0.2628765,0.34431663,0.3968957,0.39804265,c93lfmw,Intention
0.47579578,0.4929218,0.3973785,0.35525057,0.4687206,jiejevb,Problem-Solution
0.15318218,0.207869,0.03159355,0.056032043,0.055812806,iigb5ra,Problem-Solution
0.09094713,0.04151664,0.018722067,0.03189028,0.061900463,iffgmra,None
0.20640695,0.30268723,0.19245443,0.058852393,0.09918256,cs0ykdo,Problem-Solution
0.23980683,0.2968064,0.09521638,0.058876332,0.022611856,jxhva37,Problem-Solution
0.41953874,0.41422325,0.28212065,0.26332903,0.288423,gxqesbk,None
0.3454526,0.31145772,0.35385996,0.23989421,0.20499107,i46cwjx,Call-to-action
0.25425914,0.24252942,0.09672204,0.03752983,0.10016866,cju4hzy,None
0.5054707,0.43320972,0.45330903,0.46240735,0.5052823,g9gjbha,None
0.34675086,0.4184726,0.19674593,0.15233949,0.17169516,jidqd48,Problem-Solution
0.18612769,0.18546297,-0.07868507,0.07538191,0.009905649,ebu4w5v,None
0.36992085,0.33341587,0.14682887,0.08977637,0.20388336,cnimrm0,None
0.3108619,0.3505597,0.082101464,0.097930744,0.056278665,k9mn1sk,Problem-Solution
0.48724273,0.47576356,0.3224064,0.23472938,0.39062527,gxi3s9f,None
0.1118985,0.091572225,0.015970072,0.06955667,0.026852416,dbfgf3n,None
0.38747033,0.36443514,0.25220254,0.12859078,0.19512355,d749kop,None
0.37630934,0.4261729,0.09083849,0.21598488,0.22197878,jpzti4o,Problem-Solution
0.30650192,0.3960982,0.15071923,0.14940862,0.15097994,cq2c0s6,Problem-Solution
0.30190074,0.34239927,0.1733401,0.25740328,0.2638887,cfvw49z,Problem-Solution
0.2627167,0.28624797,0.19851029,0.21035713,0.012331277,g5e521r,Problem-Solution
0.38536432,0.3943417,0.2246602,0.2815069,0.34408003,jlccdv3,Problem-Solution
0.05091348,0.05235974,0.03715393,0.07387262,0.061912294,du2x7hj,Participation
0.2530383,0.3132699,0.16572553,0.09179259,0.09581342,fe48z60,Problem-Solution
0.040405184,0.047079798,0.0004898645,-0.006273553,0.103556685,jffuftj,Intention
0.48953444,0.55487263,0.27388966,0.3603957,0.40836388,i6nagyy,Problem-Solution
0.36483556,0.34122783,0.41490066,0.38953936,0.35944417,fouud9u,Call-to-action
0.22610413,0.26811427,0.16775507,0.08162529,0.13898438,clzsbh7,Problem-Solution
0.37661833,0.42871755,0.33589718,0.24422038,0.25527257,dct9ds7,Problem-Solution
0.19132054,0.23213252,0.0825278,0.14065318,0.19369714,d5gyn8r,Problem-Solution
0.46822122,0.45944148,0.479456,0.51243484,0.5599153,cbasx4z,Intention
0.05664877,0.018528307,-0.035142623,-0.040951293,-0.011012872,iwon9aq,None
0.33968583,0.3483171,0.36182082,0.4450109,0.4392228,hgb87cw,Participation
0.51702845,0.51663566,0.3449986,0.30287024,0.37806547,joecuui,None
0.15107691,0.22324553,0.12269174,0.14402255,0.10319045,hrzhwiv,Problem-Solution
0.053025972,-0.03660544,0.042097326,0.015569482,0.020134144,i0jrly8,None
0.07271766,0.031725574,0.023620669,0.19566819,0.18282121,d7ju0hp,Participation
0.19714332,0.16705711,0.12180524,0.032417074,0.21099204,epp4zhm,Intention
0.18999106,0.2356832,0.19930914,0.2831158,0.17909825,c53cige,Participation
0.41993797,0.45347312,0.18728328,0.20862177,0.24006376,cjxpoop,Problem-Solution
0.15253145,0.07583821,0.16344397,0.30669445,0.2696945,crqkzfs,Participation
0.20255153,0.20326696,0.09733214,0.09978224,0.09719859,hrgq0qo,Problem-Solution
0.11377102,0.08983673,0.031141993,0.1098412,0.23450103,j77pn66,Intention
0.15839747,0.109543845,0.0645079,0.045303393,0.076978065,cj2w461,None
0.22915265,0.30190295,0.3043821,0.3048814,0.26627725,hgi5yj8,Participation
0.13751069,0.2016323,0.12569058,0.11427879,0.17617907,jb3vxfl,Problem-Solution
0.19488853,0.17769489,0.102438375,0.24837476,0.25197995,euf7jtt,Intention
0.27061212,0.26757845,0.17184672,0.10167631,0.101119034,d5sugpf,None
0.05278504,0.052535083,-0.051924862,0.019998904,0.078219965,ja47tpy,Intention
0.15187909,0.12835705,0.047358826,-0.034401443,0.054295376,guhbuds,None
0.26807868,0.34902078,0.2994743,0.25965434,0.3248136,c9znjwn,Problem-Solution
0.07571484,0.09762358,0.093381375,0.18746327,0.20212269,c47vtby,Intention
0.39303625,0.40888843,0.31765473,0.19546849,0.22186854,dq89m86,Problem-Solution
0.34103668,0.431905,0.16868213,0.2142132,0.29647416,g7a8np4,Problem-Solution
0.32007292,0.31906438,0.17238915,0.20791185,0.23023283,gz3c5l8,None
0.37338135,0.41478115,0.37502033,0.3475366,0.18346462,dkiwvk8,Problem-Solution
0.33260936,0.35287237,0.12024814,0.15985787,0.23564495,cq5sl09,Problem-Solution
0.29911503,0.36048174,0.091193154,0.065101534,0.07079419,dgqlid0,Problem-Solution
0.16971113,0.22494619,0.056341913,0.042227473,0.07153283,d89kip4,Problem-Solution
0.11127997,0.0648766,-0.0048389435,0.24631438,0.1140234,jvwreiz,Participation
0.111228146,0.0933952,-0.11640178,-0.044586588,-0.07333301,fbx4n7j,None
0.44294456,0.42465398,0.22749022,0.255381,0.30492288,c74hj4l,None
0.5146188,0.50500494,0.43554795,0.3991064,0.53323644,j9ga73e,Intention
0.44386727,0.49553165,0.32995632,0.36681706,0.33114177,cl08b0c,Problem-Solution
0.07552321,0.14121735,0.2137092,0.18570763,0.1823507,j0j8p9f,Call-to-action
-0.14429569,-0.093192846,0.051858973,0.037987575,0.011645567,gmwsyvj,Call-to-action
0.29042917,0.32115617,0.1797481,0.20360202,0.3010734,crv6xn6,Problem-Solution
0.2828359,0.3043985,0.09194219,0.0055320216,0.105094194,cj1cmou,Problem-Solution
0.3489358,0.378558,0.13812852,0.13448945,0.1641621,hw02h72,Problem-Solution
0.28335303,0.28204346,0.22741854,0.2358933,0.23881051,jkz4omp,None
0.3952827,0.41650495,0.21717241,0.21568342,0.2754835,fw5kuaa,Problem-Solution
0.14906329,0.034472767,0.100613214,0.046272624,0.14490432,jtlyk38,None
